Index,LowerBound,UpperBound,mcmean,truemean
+1,+2.15838e+00,+6.07830e+00,+4.11834e+00,+3.00000e+00
+2,+2.76086e+00,+5.53266e+00,+4.14676e+00,+3.00000e+00
+3,+2.95810e+00,+5.22127e+00,+4.08968e+00,+3.00000e+00
+4,+2.76522e+00,+4.72519e+00,+3.74520e+00,+3.00000e+00
+5,+2.55731e+00,+4.31036e+00,+3.43383e+00,+3.00000e+00
+6,+2.38586e+00,+3.98616e+00,+3.18601e+00,+3.00000e+00
+7,+2.28260e+00,+3.76420e+00,+3.02340e+00,+3.00000e+00
+8,+2.36823e+00,+3.75413e+00,+3.06118e+00,+3.00000e+00
+9,+2.40059e+00,+3.70723e+00,+3.05391e+00,+3.00000e+00
+10,+2.52221e+00,+3.76180e+00,+3.14201e+00,+3.00000e+00
+11,+2.46425e+00,+3.64615e+00,+3.05520e+00,+3.00000e+00
+12,+2.49071e+00,+3.62229e+00,+3.05650e+00,+3.00000e+00
+13,+2.52749e+00,+3.61468e+00,+3.07108e+00,+3.00000e+00
+14,+2.61123e+00,+3.65888e+00,+3.13505e+00,+3.00000e+00
+15,+2.66419e+00,+3.67632e+00,+3.17026e+00,+3.00000e+00
+16,+2.65336e+00,+3.63334e+00,+3.14335e+00,+3.00000e+00
+17,+2.61611e+00,+3.56684e+00,+3.09148e+00,+3.00000e+00
+18,+2.67209e+00,+3.59603e+00,+3.13406e+00,+3.00000e+00
+19,+2.71508e+00,+3.61438e+00,+3.16473e+00,+3.00000e+00
+20,+2.69818e+00,+3.57470e+00,+3.13644e+00,+3.00000e+00
+21,+2.72132e+00,+3.57672e+00,+3.14902e+00,+3.00000e+00
+22,+2.67208e+00,+3.50781e+00,+3.08994e+00,+3.00000e+00
+23,+2.68288e+00,+3.50025e+00,+3.09156e+00,+3.00000e+00
+24,+2.72212e+00,+3.52227e+00,+3.12219e+00,+3.00000e+00
+25,+2.67936e+00,+3.46334e+00,+3.07135e+00,+3.00000e+00
+26,+2.62035e+00,+3.38911e+00,+3.00473e+00,+3.00000e+00
+27,+2.53071e+00,+3.28510e+00,+2.90791e+00,+3.00000e+00
+28,+2.53695e+00,+3.27775e+00,+2.90735e+00,+3.00000e+00
+29,+2.51206e+00,+3.23997e+00,+2.87602e+00,+3.00000e+00
+30,+2.51568e+00,+3.23136e+00,+2.87352e+00,+3.00000e+00
+31,+2.56209e+00,+3.26613e+00,+2.91411e+00,+3.00000e+00
+32,+2.60270e+00,+3.29565e+00,+2.94918e+00,+3.00000e+00
+33,+2.59682e+00,+3.27919e+00,+2.93800e+00,+3.00000e+00
+34,+2.63916e+00,+3.31142e+00,+2.97529e+00,+3.00000e+00
+35,+2.65335e+00,+3.31594e+00,+2.98465e+00,+3.00000e+00
+36,+2.66597e+00,+3.31929e+00,+2.99263e+00,+3.00000e+00
+37,+2.64155e+00,+3.28599e+00,+2.96377e+00,+3.00000e+00
+38,+2.64509e+00,+3.28098e+00,+2.96303e+00,+3.00000e+00
+39,+2.63621e+00,+3.26390e+00,+2.95006e+00,+3.00000e+00
+40,+2.63514e+00,+3.25493e+00,+2.94503e+00,+3.00000e+00
+41,+2.66000e+00,+3.27219e+00,+2.96609e+00,+3.00000e+00
+42,+2.63924e+00,+3.24409e+00,+2.94166e+00,+3.00000e+00
+43,+2.67882e+00,+3.27661e+00,+2.97771e+00,+3.00000e+00
+44,+2.68838e+00,+3.27934e+00,+2.98386e+00,+3.00000e+00
+45,+2.68172e+00,+3.26606e+00,+2.97389e+00,+3.00000e+00
+46,+2.68390e+00,+3.26186e+00,+2.97288e+00,+3.00000e+00
+47,+2.64845e+00,+3.22024e+00,+2.93435e+00,+3.00000e+00
+48,+2.65428e+00,+3.22007e+00,+2.93717e+00,+3.00000e+00
+49,+2.62494e+00,+3.18493e+00,+2.90494e+00,+3.00000e+00
+50,+2.63208e+00,+3.18645e+00,+2.90927e+00,+3.00000e+00
+51,+2.62279e+00,+3.17169e+00,+2.89724e+00,+3.00000e+00
+52,+2.58301e+00,+3.12661e+00,+2.85481e+00,+3.00000e+00
+53,+2.63582e+00,+3.17426e+00,+2.90504e+00,+3.00000e+00
+54,+2.62413e+00,+3.15757e+00,+2.89085e+00,+3.00000e+00
+55,+2.63444e+00,+3.16300e+00,+2.89872e+00,+3.00000e+00
+56,+2.61948e+00,+3.14330e+00,+2.88139e+00,+3.00000e+00
+57,+2.61971e+00,+3.13892e+00,+2.87932e+00,+3.00000e+00
+58,+2.63674e+00,+3.15145e+00,+2.89409e+00,+3.00000e+00
+59,+2.67006e+00,+3.18039e+00,+2.92523e+00,+3.00000e+00
+60,+2.69271e+00,+3.19877e+00,+2.94574e+00,+3.00000e+00
+61,+2.68673e+00,+3.18862e+00,+2.93768e+00,+3.00000e+00
+62,+2.69386e+00,+3.19169e+00,+2.94278e+00,+3.00000e+00
+63,+2.68644e+00,+3.18031e+00,+2.93338e+00,+3.00000e+00
+64,+2.68317e+00,+3.17316e+00,+2.92817e+00,+3.00000e+00
+65,+2.67506e+00,+3.16127e+00,+2.91817e+00,+3.00000e+00
+66,+2.68893e+00,+3.17144e+00,+2.93018e+00,+3.00000e+00
+67,+2.67930e+00,+3.15819e+00,+2.91875e+00,+3.00000e+00
+68,+2.65041e+00,+3.12577e+00,+2.88809e+00,+3.00000e+00
+69,+2.64535e+00,+3.11725e+00,+2.88130e+00,+3.00000e+00
+70,+2.66075e+00,+3.12927e+00,+2.89501e+00,+3.00000e+00
+71,+2.69025e+00,+3.15546e+00,+2.92285e+00,+3.00000e+00
+72,+2.69753e+00,+3.15950e+00,+2.92852e+00,+3.00000e+00
+73,+2.68828e+00,+3.14708e+00,+2.91768e+00,+3.00000e+00
+74,+2.68421e+00,+3.13989e+00,+2.91205e+00,+3.00000e+00
+75,+2.70058e+00,+3.15321e+00,+2.92690e+00,+3.00000e+00
+76,+2.70398e+00,+3.15363e+00,+2.92880e+00,+3.00000e+00
+77,+2.70755e+00,+3.15426e+00,+2.93090e+00,+3.00000e+00
+78,+2.71469e+00,+3.15853e+00,+2.93661e+00,+3.00000e+00
+79,+2.70377e+00,+3.14480e+00,+2.92429e+00,+3.00000e+00
+80,+2.70428e+00,+3.14254e+00,+2.92341e+00,+3.00000e+00
+81,+2.71089e+00,+3.14643e+00,+2.92866e+00,+3.00000e+00
+82,+2.70531e+00,+3.13819e+00,+2.92175e+00,+3.00000e+00
+83,+2.69892e+00,+3.12919e+00,+2.91405e+00,+3.00000e+00
+84,+2.71043e+00,+3.13813e+00,+2.92428e+00,+3.00000e+00
+85,+2.71278e+00,+3.13796e+00,+2.92537e+00,+3.00000e+00
+86,+2.69106e+00,+3.11376e+00,+2.90241e+00,+3.00000e+00
+87,+2.69116e+00,+3.11142e+00,+2.90129e+00,+3.00000e+00
+88,+2.68961e+00,+3.10747e+00,+2.89854e+00,+3.00000e+00
+89,+2.70024e+00,+3.11575e+00,+2.90799e+00,+3.00000e+00
+90,+2.71738e+00,+3.13057e+00,+2.92398e+00,+3.00000e+00
+91,+2.71591e+00,+3.12683e+00,+2.92137e+00,+3.00000e+00
+92,+2.72475e+00,+3.13343e+00,+2.92909e+00,+3.00000e+00
+93,+2.71835e+00,+3.12483e+00,+2.92159e+00,+3.00000e+00
+94,+2.72050e+00,+3.12481e+00,+2.92265e+00,+3.00000e+00
+95,+2.72875e+00,+3.13093e+00,+2.92984e+00,+3.00000e+00
+96,+2.72687e+00,+3.12695e+00,+2.92691e+00,+3.00000e+00
+97,+2.72532e+00,+3.12333e+00,+2.92432e+00,+3.00000e+00
+98,+2.72777e+00,+3.12374e+00,+2.92575e+00,+3.00000e+00
+99,+2.74279e+00,+3.13676e+00,+2.93978e+00,+3.00000e+00
+100,+2.74713e+00,+3.13912e+00,+2.94313e+00,+3.00000e+00
+101,+2.73619e+00,+3.12624e+00,+2.93121e+00,+3.00000e+00
+102,+2.74053e+00,+3.12866e+00,+2.93459e+00,+3.00000e+00
+103,+2.74761e+00,+3.13385e+00,+2.94073e+00,+3.00000e+00
+104,+2.75410e+00,+3.13848e+00,+2.94629e+00,+3.00000e+00
+105,+2.75645e+00,+3.13899e+00,+2.94772e+00,+3.00000e+00
+106,+2.75803e+00,+3.13876e+00,+2.94840e+00,+3.00000e+00
+107,+2.76589e+00,+3.14485e+00,+2.95537e+00,+3.00000e+00
+108,+2.78080e+00,+3.15800e+00,+2.96940e+00,+3.00000e+00
+109,+2.79038e+00,+3.16585e+00,+2.97811e+00,+3.00000e+00
+110,+2.78173e+00,+3.15548e+00,+2.96860e+00,+3.00000e+00
+111,+2.79040e+00,+3.16246e+00,+2.97643e+00,+3.00000e+00
+112,+2.79537e+00,+3.16577e+00,+2.98057e+00,+3.00000e+00
+113,+2.80696e+00,+3.17571e+00,+2.99133e+00,+3.00000e+00
+114,+2.80891e+00,+3.17605e+00,+2.99248e+00,+3.00000e+00
+115,+2.80446e+00,+3.16999e+00,+2.98723e+00,+3.00000e+00
+116,+2.81324e+00,+3.17720e+00,+2.99522e+00,+3.00000e+00
+117,+2.81120e+00,+3.17360e+00,+2.99240e+00,+3.00000e+00
+118,+2.80423e+00,+3.16509e+00,+2.98466e+00,+3.00000e+00
+119,+2.81299e+00,+3.17233e+00,+2.99266e+00,+3.00000e+00
+120,+2.81321e+00,+3.17105e+00,+2.99213e+00,+3.00000e+00
+121,+2.82229e+00,+3.17865e+00,+3.00047e+00,+3.00000e+00
+122,+2.82600e+00,+3.18089e+00,+3.00345e+00,+3.00000e+00
+123,+2.83650e+00,+3.18995e+00,+3.01323e+00,+3.00000e+00
+124,+2.83922e+00,+3.19124e+00,+3.01523e+00,+3.00000e+00
+125,+2.84092e+00,+3.19152e+00,+3.01622e+00,+3.00000e+00
+126,+2.85110e+00,+3.20032e+00,+3.02571e+00,+3.00000e+00
+127,+2.86288e+00,+3.21072e+00,+3.03680e+00,+3.00000e+00
+128,+2.86604e+00,+3.21252e+00,+3.03928e+00,+3.00000e+00
+129,+2.86462e+00,+3.20975e+00,+3.03718e+00,+3.00000e+00
+130,+2.86857e+00,+3.21237e+00,+3.04047e+00,+3.00000e+00
+131,+2.85747e+00,+3.19996e+00,+3.02871e+00,+3.00000e+00
+132,+2.86781e+00,+3.20899e+00,+3.03840e+00,+3.00000e+00
+133,+2.85591e+00,+3.19581e+00,+3.02586e+00,+3.00000e+00
+134,+2.85622e+00,+3.19485e+00,+3.02553e+00,+3.00000e+00
+135,+2.86002e+00,+3.19739e+00,+3.02871e+00,+3.00000e+00
+136,+2.86590e+00,+3.20203e+00,+3.03396e+00,+3.00000e+00
+137,+2.87456e+00,+3.20946e+00,+3.04201e+00,+3.00000e+00
+138,+2.87756e+00,+3.21125e+00,+3.04440e+00,+3.00000e+00
+139,+2.88095e+00,+3.21343e+00,+3.04719e+00,+3.00000e+00
+140,+2.87436e+00,+3.20566e+00,+3.04001e+00,+3.00000e+00
+141,+2.86862e+00,+3.19874e+00,+3.03368e+00,+3.00000e+00
+142,+2.86400e+00,+3.19295e+00,+3.02848e+00,+3.00000e+00
+143,+2.86959e+00,+3.19739e+00,+3.03349e+00,+3.00000e+00
+144,+2.86166e+00,+3.18832e+00,+3.02499e+00,+3.00000e+00
+145,+2.85048e+00,+3.17601e+00,+3.01324e+00,+3.00000e+00
+146,+2.84608e+00,+3.17050e+00,+3.00829e+00,+3.00000e+00
+147,+2.83746e+00,+3.16077e+00,+2.99912e+00,+3.00000e+00
+148,+2.83981e+00,+3.16202e+00,+3.00092e+00,+3.00000e+00
+149,+2.84907e+00,+3.17020e+00,+3.00964e+00,+3.00000e+00
+150,+2.85883e+00,+3.17889e+00,+3.01886e+00,+3.00000e+00
+151,+2.85866e+00,+3.17766e+00,+3.01816e+00,+3.00000e+00
+152,+2.86784e+00,+3.18578e+00,+3.02681e+00,+3.00000e+00
+153,+2.86858e+00,+3.18549e+00,+3.02703e+00,+3.00000e+00
+154,+2.86648e+00,+3.18235e+00,+3.02441e+00,+3.00000e+00
+155,+2.88419e+00,+3.19905e+00,+3.04162e+00,+3.00000e+00
+156,+2.88460e+00,+3.19845e+00,+3.04153e+00,+3.00000e+00
+157,+2.87884e+00,+3.19169e+00,+3.03526e+00,+3.00000e+00
+158,+2.87842e+00,+3.19028e+00,+3.03435e+00,+3.00000e+00
+159,+2.87664e+00,+3.18751e+00,+3.03207e+00,+3.00000e+00
+160,+2.87192e+00,+3.18182e+00,+3.02687e+00,+3.00000e+00
+161,+2.87547e+00,+3.18441e+00,+3.02994e+00,+3.00000e+00
+162,+2.87632e+00,+3.18430e+00,+3.03031e+00,+3.00000e+00
+163,+2.87143e+00,+3.17846e+00,+3.02495e+00,+3.00000e+00
+164,+2.87522e+00,+3.18132e+00,+3.02827e+00,+3.00000e+00
+165,+2.87783e+00,+3.18300e+00,+3.03042e+00,+3.00000e+00
+166,+2.86794e+00,+3.17218e+00,+3.02006e+00,+3.00000e+00
+167,+2.86353e+00,+3.16687e+00,+3.01520e+00,+3.00000e+00
+168,+2.85755e+00,+3.15998e+00,+3.00877e+00,+3.00000e+00
+169,+2.86490e+00,+3.16643e+00,+3.01567e+00,+3.00000e+00
+170,+2.87048e+00,+3.17113e+00,+3.02081e+00,+3.00000e+00
+171,+2.87788e+00,+3.17764e+00,+3.02776e+00,+3.00000e+00
+172,+2.87159e+00,+3.17048e+00,+3.02104e+00,+3.00000e+00
+173,+2.87469e+00,+3.17271e+00,+3.02370e+00,+3.00000e+00
+174,+2.88393e+00,+3.18109e+00,+3.03251e+00,+3.00000e+00
+175,+2.89273e+00,+3.18904e+00,+3.04089e+00,+3.00000e+00
+176,+2.89318e+00,+3.18866e+00,+3.04092e+00,+3.00000e+00
+177,+2.88735e+00,+3.18199e+00,+3.03467e+00,+3.00000e+00
+178,+2.87831e+00,+3.17212e+00,+3.02522e+00,+3.00000e+00
+179,+2.87892e+00,+3.17191e+00,+3.02542e+00,+3.00000e+00
+180,+2.87531e+00,+3.16749e+00,+3.02140e+00,+3.00000e+00
+181,+2.87399e+00,+3.16535e+00,+3.01967e+00,+3.00000e+00
+182,+2.88093e+00,+3.17149e+00,+3.02621e+00,+3.00000e+00
+183,+2.88119e+00,+3.17096e+00,+3.02607e+00,+3.00000e+00
+184,+2.89088e+00,+3.17986e+00,+3.03537e+00,+3.00000e+00
+185,+2.89695e+00,+3.18514e+00,+3.04105e+00,+3.00000e+00
+186,+2.89113e+00,+3.17856e+00,+3.03485e+00,+3.00000e+00
+187,+2.89081e+00,+3.17746e+00,+3.03413e+00,+3.00000e+00
+188,+2.88425e+00,+3.17014e+00,+3.02720e+00,+3.00000e+00
+189,+2.89045e+00,+3.17558e+00,+3.03301e+00,+3.00000e+00
+190,+2.88585e+00,+3.17023e+00,+3.02804e+00,+3.00000e+00
+191,+2.88796e+00,+3.17159e+00,+3.02977e+00,+3.00000e+00
+192,+2.88860e+00,+3.17149e+00,+3.03004e+00,+3.00000e+00
+193,+2.88630e+00,+3.16846e+00,+3.02738e+00,+3.00000e+00
+194,+2.90212e+00,+3.18356e+00,+3.04284e+00,+3.00000e+00
+195,+2.90087e+00,+3.18159e+00,+3.04123e+00,+3.00000e+00
+196,+2.89419e+00,+3.17418e+00,+3.03419e+00,+3.00000e+00
+197,+2.88152e+00,+3.16081e+00,+3.02117e+00,+3.00000e+00
+198,+2.88168e+00,+3.16026e+00,+3.02097e+00,+3.00000e+00
+199,+2.88145e+00,+3.15932e+00,+3.02038e+00,+3.00000e+00
+200,+2.87668e+00,+3.15386e+00,+3.01527e+00,+3.00000e+00
+201,+2.88136e+00,+3.15785e+00,+3.01961e+00,+3.00000e+00
+202,+2.87807e+00,+3.15388e+00,+3.01597e+00,+3.00000e+00
+203,+2.88419e+00,+3.15932e+00,+3.02176e+00,+3.00000e+00
+204,+2.88545e+00,+3.15990e+00,+3.02268e+00,+3.00000e+00
+205,+2.88369e+00,+3.15747e+00,+3.02058e+00,+3.00000e+00
+206,+2.87167e+00,+3.14478e+00,+3.00822e+00,+3.00000e+00
+207,+2.87511e+00,+3.14757e+00,+3.01134e+00,+3.00000e+00
+208,+2.87655e+00,+3.14835e+00,+3.01245e+00,+3.00000e+00
+209,+2.87425e+00,+3.14539e+00,+3.00982e+00,+3.00000e+00
+210,+2.87447e+00,+3.14497e+00,+3.00972e+00,+3.00000e+00
+211,+2.87263e+00,+3.14249e+00,+3.00756e+00,+3.00000e+00
+212,+2.87141e+00,+3.14063e+00,+3.00602e+00,+3.00000e+00
+213,+2.87605e+00,+3.14464e+00,+3.01035e+00,+3.00000e+00
+214,+2.88175e+00,+3.14971e+00,+3.01573e+00,+3.00000e+00
+215,+2.88140e+00,+3.14874e+00,+3.01507e+00,+3.00000e+00
+216,+2.88579e+00,+3.15251e+00,+3.01915e+00,+3.00000e+00
+217,+2.88077e+00,+3.14688e+00,+3.01383e+00,+3.00000e+00
+218,+2.87586e+00,+3.14135e+00,+3.00861e+00,+3.00000e+00
+219,+2.87104e+00,+3.13592e+00,+3.00348e+00,+3.00000e+00
+220,+2.87204e+00,+3.13632e+00,+3.00418e+00,+3.00000e+00
+221,+2.87071e+00,+3.13439e+00,+3.00255e+00,+3.00000e+00
+222,+2.85882e+00,+3.12190e+00,+2.99036e+00,+3.00000e+00
+223,+2.85098e+00,+3.11348e+00,+2.98223e+00,+3.00000e+00
+224,+2.84623e+00,+3.10814e+00,+2.97718e+00,+3.00000e+00
+225,+2.84887e+00,+3.11020e+00,+2.97954e+00,+3.00000e+00
+226,+2.85327e+00,+3.11402e+00,+2.98365e+00,+3.00000e+00
+227,+2.84748e+00,+3.10766e+00,+2.97757e+00,+3.00000e+00
+228,+2.84785e+00,+3.10746e+00,+2.97765e+00,+3.00000e+00
+229,+2.84753e+00,+3.10656e+00,+2.97704e+00,+3.00000e+00
+230,+2.85291e+00,+3.11139e+00,+2.98215e+00,+3.00000e+00
+231,+2.86112e+00,+3.11903e+00,+2.99007e+00,+3.00000e+00
+232,+2.86971e+00,+3.12707e+00,+2.99839e+00,+3.00000e+00
+233,+2.86178e+00,+3.11859e+00,+2.99019e+00,+3.00000e+00
+234,+2.87148e+00,+3.12774e+00,+2.99961e+00,+3.00000e+00
+235,+2.86469e+00,+3.12040e+00,+2.99255e+00,+3.00000e+00
+236,+2.86245e+00,+3.11762e+00,+2.99003e+00,+3.00000e+00
+237,+2.85972e+00,+3.11434e+00,+2.98703e+00,+3.00000e+00
+238,+2.86066e+00,+3.11475e+00,+2.98771e+00,+3.00000e+00
+239,+2.86377e+00,+3.11733e+00,+2.99055e+00,+3.00000e+00
+240,+2.86444e+00,+3.11747e+00,+2.99095e+00,+3.00000e+00
+241,+2.86714e+00,+3.11965e+00,+2.99339e+00,+3.00000e+00
+242,+2.86136e+00,+3.11334e+00,+2.98735e+00,+3.00000e+00
+243,+2.85631e+00,+3.10777e+00,+2.98204e+00,+3.00000e+00
+244,+2.85134e+00,+3.10228e+00,+2.97681e+00,+3.00000e+00
+245,+2.85400e+00,+3.10444e+00,+2.97922e+00,+3.00000e+00
+246,+2.85938e+00,+3.10931e+00,+2.98435e+00,+3.00000e+00
+247,+2.86113e+00,+3.11054e+00,+2.98583e+00,+3.00000e+00
+248,+2.86078e+00,+3.10970e+00,+2.98524e+00,+3.00000e+00
+249,+2.86111e+00,+3.10953e+00,+2.98532e+00,+3.00000e+00
+250,+2.86494e+00,+3.11286e+00,+2.98890e+00,+3.00000e+00
+251,+2.86079e+00,+3.10822e+00,+2.98451e+00,+3.00000e+00
+252,+2.85286e+00,+3.09980e+00,+2.97633e+00,+3.00000e+00
+253,+2.86020e+00,+3.10664e+00,+2.98342e+00,+3.00000e+00
+254,+2.85646e+00,+3.10242e+00,+2.97944e+00,+3.00000e+00
+255,+2.85605e+00,+3.10152e+00,+2.97878e+00,+3.00000e+00
+256,+2.86172e+00,+3.10672e+00,+2.98422e+00,+3.00000e+00
+257,+2.86331e+00,+3.10783e+00,+2.98557e+00,+3.00000e+00
+258,+2.86591e+00,+3.10995e+00,+2.98793e+00,+3.00000e+00
+259,+2.86086e+00,+3.10443e+00,+2.98264e+00,+3.00000e+00
+260,+2.86292e+00,+3.10602e+00,+2.98447e+00,+3.00000e+00
+261,+2.86295e+00,+3.10559e+00,+2.98427e+00,+3.00000e+00
+262,+2.86937e+00,+3.11154e+00,+2.99046e+00,+3.00000e+00
+263,+2.86687e+00,+3.10858e+00,+2.98773e+00,+3.00000e+00
+264,+2.87242e+00,+3.11367e+00,+2.99304e+00,+3.00000e+00
+265,+2.87315e+00,+3.11395e+00,+2.99355e+00,+3.00000e+00
+266,+2.87133e+00,+3.11168e+00,+2.99151e+00,+3.00000e+00
+267,+2.87849e+00,+3.11838e+00,+2.99843e+00,+3.00000e+00
+268,+2.88333e+00,+3.12278e+00,+3.00305e+00,+3.00000e+00
+269,+2.88204e+00,+3.12105e+00,+3.00155e+00,+3.00000e+00
+270,+2.87963e+00,+3.11819e+00,+2.99891e+00,+3.00000e+00
+271,+2.87985e+00,+3.11797e+00,+2.99891e+00,+3.00000e+00
+272,+2.88112e+00,+3.11881e+00,+2.99997e+00,+3.00000e+00
+273,+2.87485e+00,+3.11210e+00,+2.99347e+00,+3.00000e+00
+274,+2.86816e+00,+3.10497e+00,+2.98656e+00,+3.00000e+00
+275,+2.86803e+00,+3.10441e+00,+2.98622e+00,+3.00000e+00
+276,+2.86451e+00,+3.10047e+00,+2.98249e+00,+3.00000e+00
+277,+2.86165e+00,+3.09717e+00,+2.97941e+00,+3.00000e+00
+278,+2.86626e+00,+3.10136e+00,+2.98381e+00,+3.00000e+00
+279,+2.86883e+00,+3.10351e+00,+2.98617e+00,+3.00000e+00
+280,+2.86935e+00,+3.10361e+00,+2.98648e+00,+3.00000e+00
+281,+2.87054e+00,+3.10439e+00,+2.98746e+00,+3.00000e+00
+282,+2.87429e+00,+3.10772e+00,+2.99101e+00,+3.00000e+00
+283,+2.86973e+00,+3.10275e+00,+2.98624e+00,+3.00000e+00
+284,+2.87152e+00,+3.10413e+00,+2.98782e+00,+3.00000e+00
+285,+2.86473e+00,+3.09693e+00,+2.98083e+00,+3.00000e+00
+286,+2.85976e+00,+3.09155e+00,+2.97565e+00,+3.00000e+00
+287,+2.85789e+00,+3.08928e+00,+2.97359e+00,+3.00000e+00
+288,+2.86386e+00,+3.09485e+00,+2.97935e+00,+3.00000e+00
+289,+2.85994e+00,+3.09052e+00,+2.97523e+00,+3.00000e+00
+290,+2.86127e+00,+3.09145e+00,+2.97636e+00,+3.00000e+00
+291,+2.85915e+00,+3.08894e+00,+2.97405e+00,+3.00000e+00
+292,+2.86086e+00,+3.09025e+00,+2.97555e+00,+3.00000e+00
+293,+2.86467e+00,+3.09367e+00,+2.97917e+00,+3.00000e+00
+294,+2.86254e+00,+3.09115e+00,+2.97684e+00,+3.00000e+00
+295,+2.86407e+00,+3.09230e+00,+2.97818e+00,+3.00000e+00
+296,+2.86066e+00,+3.08850e+00,+2.97458e+00,+3.00000e+00
+297,+2.86359e+00,+3.09105e+00,+2.97732e+00,+3.00000e+00
+298,+2.85777e+00,+3.08485e+00,+2.97131e+00,+3.00000e+00
+299,+2.85397e+00,+3.08066e+00,+2.96731e+00,+3.00000e+00
+300,+2.85837e+00,+3.08469e+00,+2.97153e+00,+3.00000e+00
+301,+2.86124e+00,+3.08718e+00,+2.97421e+00,+3.00000e+00
+302,+2.85932e+00,+3.08488e+00,+2.97210e+00,+3.00000e+00
+303,+2.86132e+00,+3.08652e+00,+2.97392e+00,+3.00000e+00
+304,+2.86037e+00,+3.08520e+00,+2.97278e+00,+3.00000e+00
+305,+2.86100e+00,+3.08545e+00,+2.97323e+00,+3.00000e+00
+306,+2.86084e+00,+3.08493e+00,+2.97289e+00,+3.00000e+00
+307,+2.85876e+00,+3.08248e+00,+2.97062e+00,+3.00000e+00
+308,+2.85989e+00,+3.08325e+00,+2.97157e+00,+3.00000e+00
+309,+2.85897e+00,+3.08197e+00,+2.97047e+00,+3.00000e+00
+310,+2.85528e+00,+3.07792e+00,+2.96660e+00,+3.00000e+00
+311,+2.85462e+00,+3.07689e+00,+2.96576e+00,+3.00000e+00
+312,+2.85173e+00,+3.07365e+00,+2.96269e+00,+3.00000e+00
+313,+2.85232e+00,+3.07389e+00,+2.96311e+00,+3.00000e+00
+314,+2.85096e+00,+3.07217e+00,+2.96156e+00,+3.00000e+00
+315,+2.85069e+00,+3.07156e+00,+2.96112e+00,+3.00000e+00
+316,+2.84631e+00,+3.06683e+00,+2.95657e+00,+3.00000e+00
+317,+2.85068e+00,+3.07085e+00,+2.96076e+00,+3.00000e+00
+318,+2.84867e+00,+3.06848e+00,+2.95858e+00,+3.00000e+00
+319,+2.84919e+00,+3.06866e+00,+2.95893e+00,+3.00000e+00
+320,+2.84885e+00,+3.06798e+00,+2.95841e+00,+3.00000e+00
+321,+2.84804e+00,+3.06683e+00,+2.95743e+00,+3.00000e+00
+322,+2.85253e+00,+3.07098e+00,+2.96176e+00,+3.00000e+00
+323,+2.85346e+00,+3.07157e+00,+2.96251e+00,+3.00000e+00
+324,+2.85268e+00,+3.07045e+00,+2.96156e+00,+3.00000e+00
+325,+2.84907e+00,+3.06651e+00,+2.95779e+00,+3.00000e+00
+326,+2.84215e+00,+3.05925e+00,+2.95070e+00,+3.00000e+00
+327,+2.84564e+00,+3.06241e+00,+2.95403e+00,+3.00000e+00
+328,+2.84264e+00,+3.05908e+00,+2.95086e+00,+3.00000e+00
+329,+2.84411e+00,+3.06022e+00,+2.95216e+00,+3.00000e+00
+330,+2.85098e+00,+3.06677e+00,+2.95888e+00,+3.00000e+00
+331,+2.84831e+00,+3.06377e+00,+2.95604e+00,+3.00000e+00
+332,+2.84443e+00,+3.05956e+00,+2.95200e+00,+3.00000e+00
+333,+2.84156e+00,+3.05637e+00,+2.94896e+00,+3.00000e+00
+334,+2.84068e+00,+3.05517e+00,+2.94793e+00,+3.00000e+00
+335,+2.84144e+00,+3.05561e+00,+2.94853e+00,+3.00000e+00
+336,+2.84350e+00,+3.05735e+00,+2.95043e+00,+3.00000e+00
+337,+2.84992e+00,+3.06346e+00,+2.95669e+00,+3.00000e+00
+338,+2.84431e+00,+3.05752e+00,+2.95092e+00,+3.00000e+00
+339,+2.84292e+00,+3.05582e+00,+2.94937e+00,+3.00000e+00
+340,+2.84315e+00,+3.05574e+00,+2.94944e+00,+3.00000e+00
+341,+2.84162e+00,+3.05389e+00,+2.94775e+00,+3.00000e+00
+342,+2.84539e+00,+3.05736e+00,+2.95138e+00,+3.00000e+00
+343,+2.84353e+00,+3.05518e+00,+2.94936e+00,+3.00000e+00
+344,+2.84392e+00,+3.05527e+00,+2.94959e+00,+3.00000e+00
+345,+2.83965e+00,+3.05069e+00,+2.94517e+00,+3.00000e+00
+346,+2.83727e+00,+3.04801e+00,+2.94264e+00,+3.00000e+00
+347,+2.83497e+00,+3.04540e+00,+2.94019e+00,+3.00000e+00
+348,+2.83804e+00,+3.04817e+00,+2.94310e+00,+3.00000e+00
+349,+2.84432e+00,+3.05415e+00,+2.94923e+00,+3.00000e+00
+350,+2.84659e+00,+3.05611e+00,+2.95135e+00,+3.00000e+00
+351,+2.84492e+00,+3.05415e+00,+2.94954e+00,+3.00000e+00
+352,+2.84713e+00,+3.05606e+00,+2.95159e+00,+3.00000e+00
+353,+2.85014e+00,+3.05878e+00,+2.95446e+00,+3.00000e+00
+354,+2.85030e+00,+3.05864e+00,+2.95447e+00,+3.00000e+00
+355,+2.85333e+00,+3.06138e+00,+2.95736e+00,+3.00000e+00
+356,+2.85925e+00,+3.06701e+00,+2.96313e+00,+3.00000e+00
+357,+2.86219e+00,+3.06965e+00,+2.96592e+00,+3.00000e+00
+358,+2.86553e+00,+3.07270e+00,+2.96911e+00,+3.00000e+00
+359,+2.86858e+00,+3.07547e+00,+2.97203e+00,+3.00000e+00
+360,+2.86523e+00,+3.07183e+00,+2.96853e+00,+3.00000e+00
+361,+2.87043e+00,+3.07674e+00,+2.97359e+00,+3.00000e+00
+362,+2.87390e+00,+3.07993e+00,+2.97692e+00,+3.00000e+00
+363,+2.87043e+00,+3.07617e+00,+2.97330e+00,+3.00000e+00
+364,+2.87306e+00,+3.07852e+00,+2.97579e+00,+3.00000e+00
+365,+2.87232e+00,+3.07750e+00,+2.97491e+00,+3.00000e+00
+366,+2.87264e+00,+3.07754e+00,+2.97509e+00,+3.00000e+00
+367,+2.87076e+00,+3.07537e+00,+2.97307e+00,+3.00000e+00
+368,+2.87058e+00,+3.07492e+00,+2.97275e+00,+3.00000e+00
+369,+2.86997e+00,+3.07403e+00,+2.97200e+00,+3.00000e+00
+370,+2.87427e+00,+3.07806e+00,+2.97616e+00,+3.00000e+00
+371,+2.87858e+00,+3.08210e+00,+2.98034e+00,+3.00000e+00
+372,+2.87179e+00,+3.07503e+00,+2.97341e+00,+3.00000e+00
+373,+2.87386e+00,+3.07683e+00,+2.97535e+00,+3.00000e+00
+374,+2.87506e+00,+3.07776e+00,+2.97641e+00,+3.00000e+00
+375,+2.87390e+00,+3.07632e+00,+2.97511e+00,+3.00000e+00
+376,+2.87825e+00,+3.08041e+00,+2.97933e+00,+3.00000e+00
+377,+2.87620e+00,+3.07809e+00,+2.97715e+00,+3.00000e+00
+378,+2.87529e+00,+3.07691e+00,+2.97610e+00,+3.00000e+00
+379,+2.87708e+00,+3.07843e+00,+2.97776e+00,+3.00000e+00
+380,+2.87449e+00,+3.07558e+00,+2.97503e+00,+3.00000e+00
+381,+2.87457e+00,+3.07539e+00,+2.97498e+00,+3.00000e+00
+382,+2.87693e+00,+3.07749e+00,+2.97721e+00,+3.00000e+00
+383,+2.87859e+00,+3.07889e+00,+2.97874e+00,+3.00000e+00
+384,+2.88164e+00,+3.08168e+00,+2.98166e+00,+3.00000e+00
+385,+2.88250e+00,+3.08228e+00,+2.98239e+00,+3.00000e+00
+386,+2.88556e+00,+3.08508e+00,+2.98532e+00,+3.00000e+00
+387,+2.88919e+00,+3.08845e+00,+2.98882e+00,+3.00000e+00
+388,+2.89057e+00,+3.08957e+00,+2.99007e+00,+3.00000e+00
+389,+2.89153e+00,+3.09028e+00,+2.99091e+00,+3.00000e+00
+390,+2.89352e+00,+3.09202e+00,+2.99277e+00,+3.00000e+00
+391,+2.89552e+00,+3.09376e+00,+2.99464e+00,+3.00000e+00
+392,+2.89382e+00,+3.09181e+00,+2.99282e+00,+3.00000e+00
+393,+2.89508e+00,+3.09281e+00,+2.99395e+00,+3.00000e+00
+394,+2.89531e+00,+3.09279e+00,+2.99405e+00,+3.00000e+00
+395,+2.89739e+00,+3.09462e+00,+2.99601e+00,+3.00000e+00
+396,+2.89713e+00,+3.09411e+00,+2.99562e+00,+3.00000e+00
+397,+2.89666e+00,+3.09340e+00,+2.99503e+00,+3.00000e+00
+398,+2.89827e+00,+3.09476e+00,+2.99652e+00,+3.00000e+00
+399,+2.89765e+00,+3.09390e+00,+2.99577e+00,+3.00000e+00
+400,+2.89962e+00,+3.09562e+00,+2.99762e+00,+3.00000e+00
+401,+2.89883e+00,+3.09458e+00,+2.99670e+00,+3.00000e+00
+402,+2.89934e+00,+3.09485e+00,+2.99710e+00,+3.00000e+00
+403,+2.89526e+00,+3.09053e+00,+2.99290e+00,+3.00000e+00
+404,+2.89248e+00,+3.08750e+00,+2.98999e+00,+3.00000e+00
+405,+2.88891e+00,+3.08370e+00,+2.98631e+00,+3.00000e+00
+406,+2.88752e+00,+3.08206e+00,+2.98479e+00,+3.00000e+00
+407,+2.88633e+00,+3.08064e+00,+2.98349e+00,+3.00000e+00
+408,+2.88937e+00,+3.08344e+00,+2.98640e+00,+3.00000e+00
+409,+2.89082e+00,+3.08465e+00,+2.98774e+00,+3.00000e+00
+410,+2.88754e+00,+3.08113e+00,+2.98434e+00,+3.00000e+00
+411,+2.89054e+00,+3.08389e+00,+2.98722e+00,+3.00000e+00
+412,+2.88646e+00,+3.07958e+00,+2.98302e+00,+3.00000e+00
+413,+2.88239e+00,+3.07527e+00,+2.97883e+00,+3.00000e+00
+414,+2.88209e+00,+3.07475e+00,+2.97842e+00,+3.00000e+00
+415,+2.88537e+00,+3.07779e+00,+2.98158e+00,+3.00000e+00
+416,+2.88429e+00,+3.07648e+00,+2.98038e+00,+3.00000e+00
+417,+2.88586e+00,+3.07782e+00,+2.98184e+00,+3.00000e+00
+418,+2.88631e+00,+3.07804e+00,+2.98218e+00,+3.00000e+00
+419,+2.89311e+00,+3.08462e+00,+2.98887e+00,+3.00000e+00
+420,+2.89449e+00,+3.08576e+00,+2.99013e+00,+3.00000e+00
+421,+2.89916e+00,+3.09021e+00,+2.99468e+00,+3.00000e+00
+422,+2.89888e+00,+3.08970e+00,+2.99429e+00,+3.00000e+00
+423,+2.89729e+00,+3.08788e+00,+2.99259e+00,+3.00000e+00
+424,+2.89978e+00,+3.09015e+00,+2.99497e+00,+3.00000e+00
+425,+2.89800e+00,+3.08815e+00,+2.99308e+00,+3.00000e+00
+426,+2.89932e+00,+3.08924e+00,+2.99428e+00,+3.00000e+00
+427,+2.90091e+00,+3.09060e+00,+2.99576e+00,+3.00000e+00
+428,+2.90360e+00,+3.09308e+00,+2.99834e+00,+3.00000e+00
+429,+2.90397e+00,+3.09323e+00,+2.99860e+00,+3.00000e+00
+430,+2.90715e+00,+3.09618e+00,+3.00167e+00,+3.00000e+00
+431,+2.91059e+00,+3.09941e+00,+3.00500e+00,+3.00000e+00
+432,+2.91421e+00,+3.10280e+00,+3.00850e+00,+3.00000e+00
+433,+2.91735e+00,+3.10573e+00,+3.01154e+00,+3.00000e+00
+434,+2.91936e+00,+3.10753e+00,+3.01345e+00,+3.00000e+00
+435,+2.91555e+00,+3.10349e+00,+3.00952e+00,+3.00000e+00
+436,+2.91987e+00,+3.10760e+00,+3.01374e+00,+3.00000e+00
+437,+2.91873e+00,+3.10625e+00,+3.01249e+00,+3.00000e+00
+438,+2.91681e+00,+3.10411e+00,+3.01046e+00,+3.00000e+00
+439,+2.91593e+00,+3.10302e+00,+3.00947e+00,+3.00000e+00
+440,+2.92038e+00,+3.10726e+00,+3.01382e+00,+3.00000e+00
+441,+2.92121e+00,+3.10787e+00,+3.01454e+00,+3.00000e+00
+442,+2.92303e+00,+3.10948e+00,+3.01626e+00,+3.00000e+00
+443,+2.92430e+00,+3.11054e+00,+3.01742e+00,+3.00000e+00
+444,+2.92639e+00,+3.11242e+00,+3.01941e+00,+3.00000e+00
+445,+2.92513e+00,+3.11095e+00,+3.01804e+00,+3.00000e+00
+446,+2.92309e+00,+3.10871e+00,+3.01590e+00,+3.00000e+00
+447,+2.92286e+00,+3.10826e+00,+3.01556e+00,+3.00000e+00
+448,+2.92166e+00,+3.10685e+00,+3.01426e+00,+3.00000e+00
+449,+2.92108e+00,+3.10607e+00,+3.01358e+00,+3.00000e+00
+450,+2.92351e+00,+3.10830e+00,+3.01591e+00,+3.00000e+00
+451,+2.92561e+00,+3.11020e+00,+3.01790e+00,+3.00000e+00
+452,+2.92544e+00,+3.10981e+00,+3.01762e+00,+3.00000e+00
+453,+2.92188e+00,+3.10605e+00,+3.01397e+00,+3.00000e+00
+454,+2.92290e+00,+3.10687e+00,+3.01489e+00,+3.00000e+00
+455,+2.92265e+00,+3.10642e+00,+3.01453e+00,+3.00000e+00
+456,+2.92409e+00,+3.10765e+00,+3.01587e+00,+3.00000e+00
+457,+2.92490e+00,+3.10827e+00,+3.01659e+00,+3.00000e+00
+458,+2.92560e+00,+3.10876e+00,+3.01718e+00,+3.00000e+00
+459,+2.92655e+00,+3.10951e+00,+3.01803e+00,+3.00000e+00
+460,+2.92324e+00,+3.10601e+00,+3.01463e+00,+3.00000e+00
+461,+2.92712e+00,+3.10968e+00,+3.01840e+00,+3.00000e+00
+462,+2.92584e+00,+3.10821e+00,+3.01702e+00,+3.00000e+00
+463,+2.92861e+00,+3.11078e+00,+3.01970e+00,+3.00000e+00
+464,+2.93080e+00,+3.11278e+00,+3.02179e+00,+3.00000e+00
+465,+2.92902e+00,+3.11080e+00,+3.01991e+00,+3.00000e+00
+466,+2.92929e+00,+3.11088e+00,+3.02009e+00,+3.00000e+00
+467,+2.92807e+00,+3.10947e+00,+3.01877e+00,+3.00000e+00
+468,+2.92980e+00,+3.11100e+00,+3.02040e+00,+3.00000e+00
+469,+2.92702e+00,+3.10802e+00,+3.01752e+00,+3.00000e+00
+470,+2.92534e+00,+3.10616e+00,+3.01575e+00,+3.00000e+00
+471,+2.92815e+00,+3.10877e+00,+3.01846e+00,+3.00000e+00
+472,+2.93117e+00,+3.11160e+00,+3.02138e+00,+3.00000e+00
+473,+2.92980e+00,+3.11004e+00,+3.01992e+00,+3.00000e+00
+474,+2.93095e+00,+3.11100e+00,+3.02098e+00,+3.00000e+00
+475,+2.93067e+00,+3.11053e+00,+3.02060e+00,+3.00000e+00
+476,+2.93294e+00,+3.11261e+00,+3.02278e+00,+3.00000e+00
+477,+2.93123e+00,+3.11071e+00,+3.02097e+00,+3.00000e+00
+478,+2.93109e+00,+3.11039e+00,+3.02074e+00,+3.00000e+00
+479,+2.93291e+00,+3.11201e+00,+3.02246e+00,+3.00000e+00
+480,+2.93452e+00,+3.11344e+00,+3.02398e+00,+3.00000e+00
+481,+2.93330e+00,+3.11203e+00,+3.02266e+00,+3.00000e+00
+482,+2.93398e+00,+3.11253e+00,+3.02326e+00,+3.00000e+00
+483,+2.92954e+00,+3.10790e+00,+3.01872e+00,+3.00000e+00
+484,+2.92643e+00,+3.10461e+00,+3.01552e+00,+3.00000e+00
+485,+2.92736e+00,+3.10536e+00,+3.01636e+00,+3.00000e+00
+486,+2.93187e+00,+3.10969e+00,+3.02078e+00,+3.00000e+00
+487,+2.93069e+00,+3.10832e+00,+3.01950e+00,+3.00000e+00
+488,+2.93145e+00,+3.10890e+00,+3.02017e+00,+3.00000e+00
+489,+2.92973e+00,+3.10700e+00,+3.01836e+00,+3.00000e+00
+490,+2.92845e+00,+3.10553e+00,+3.01699e+00,+3.00000e+00
+491,+2.92670e+00,+3.10360e+00,+3.01515e+00,+3.00000e+00
+492,+2.92655e+00,+3.10327e+00,+3.01491e+00,+3.00000e+00
+493,+2.92554e+00,+3.10208e+00,+3.01381e+00,+3.00000e+00
+494,+2.92679e+00,+3.10316e+00,+3.01497e+00,+3.00000e+00
+495,+2.92847e+00,+3.10466e+00,+3.01657e+00,+3.00000e+00
+496,+2.92899e+00,+3.10500e+00,+3.01699e+00,+3.00000e+00
+497,+2.92766e+00,+3.10349e+00,+3.01558e+00,+3.00000e+00
+498,+2.93029e+00,+3.10594e+00,+3.01811e+00,+3.00000e+00
+499,+2.93018e+00,+3.10566e+00,+3.01792e+00,+3.00000e+00
+500,+2.92970e+00,+3.10500e+00,+3.01735e+00,+3.00000e+00
+501,+2.92854e+00,+3.10366e+00,+3.01610e+00,+3.00000e+00
+502,+2.93274e+00,+3.10769e+00,+3.02021e+00,+3.00000e+00
+503,+2.93351e+00,+3.10829e+00,+3.02090e+00,+3.00000e+00
+504,+2.93373e+00,+3.10834e+00,+3.02103e+00,+3.00000e+00
+505,+2.93527e+00,+3.10970e+00,+3.02248e+00,+3.00000e+00
+506,+2.93751e+00,+3.11177e+00,+3.02464e+00,+3.00000e+00
+507,+2.93684e+00,+3.11093e+00,+3.02388e+00,+3.00000e+00
+508,+2.93689e+00,+3.11081e+00,+3.02385e+00,+3.00000e+00
+509,+2.94103e+00,+3.11477e+00,+3.02790e+00,+3.00000e+00
+510,+2.93936e+00,+3.11294e+00,+3.02615e+00,+3.00000e+00
+511,+2.94141e+00,+3.11481e+00,+3.02811e+00,+3.00000e+00
+512,+2.93948e+00,+3.11272e+00,+3.02610e+00,+3.00000e+00
+513,+2.93799e+00,+3.11106e+00,+3.02452e+00,+3.00000e+00
+514,+2.93827e+00,+3.11117e+00,+3.02472e+00,+3.00000e+00
+515,+2.93842e+00,+3.11116e+00,+3.02479e+00,+3.00000e+00
+516,+2.93752e+00,+3.11008e+00,+3.02380e+00,+3.00000e+00
+517,+2.93833e+00,+3.11073e+00,+3.02453e+00,+3.00000e+00
+518,+2.93636e+00,+3.10859e+00,+3.02248e+00,+3.00000e+00
+519,+2.93640e+00,+3.10847e+00,+3.02243e+00,+3.00000e+00
+520,+2.93457e+00,+3.10648e+00,+3.02052e+00,+3.00000e+00
+521,+2.93640e+00,+3.10814e+00,+3.02227e+00,+3.00000e+00
+522,+2.93628e+00,+3.10785e+00,+3.02206e+00,+3.00000e+00
+523,+2.93471e+00,+3.10612e+00,+3.02042e+00,+3.00000e+00
+524,+2.93086e+00,+3.10211e+00,+3.01648e+00,+3.00000e+00
+525,+2.93262e+00,+3.10370e+00,+3.01816e+00,+3.00000e+00
+526,+2.93199e+00,+3.10291e+00,+3.01745e+00,+3.00000e+00
+527,+2.93277e+00,+3.10353e+00,+3.01815e+00,+3.00000e+00
+528,+2.93501e+00,+3.10560e+00,+3.02031e+00,+3.00000e+00
+529,+2.93336e+00,+3.10380e+00,+3.01858e+00,+3.00000e+00
+530,+2.93143e+00,+3.10171e+00,+3.01657e+00,+3.00000e+00
+531,+2.93260e+00,+3.10271e+00,+3.01765e+00,+3.00000e+00
+532,+2.93236e+00,+3.10231e+00,+3.01733e+00,+3.00000e+00
+533,+2.93532e+00,+3.10511e+00,+3.02022e+00,+3.00000e+00
+534,+2.93670e+00,+3.10633e+00,+3.02151e+00,+3.00000e+00
+535,+2.93895e+00,+3.10842e+00,+3.02368e+00,+3.00000e+00
+536,+2.93995e+00,+3.10926e+00,+3.02461e+00,+3.00000e+00
+537,+2.94025e+00,+3.10941e+00,+3.02483e+00,+3.00000e+00
+538,+2.94127e+00,+3.11027e+00,+3.02577e+00,+3.00000e+00
+539,+2.94001e+00,+3.10885e+00,+3.02443e+00,+3.00000e+00
+540,+2.93926e+00,+3.10794e+00,+3.02360e+00,+3.00000e+00
+541,+2.94134e+00,+3.10987e+00,+3.02560e+00,+3.00000e+00
+542,+2.94219e+00,+3.11057e+00,+3.02638e+00,+3.00000e+00
+543,+2.94490e+00,+3.11312e+00,+3.02901e+00,+3.00000e+00
+544,+2.94748e+00,+3.11555e+00,+3.03151e+00,+3.00000e+00
+545,+2.94814e+00,+3.11605e+00,+3.03210e+00,+3.00000e+00
+546,+2.94810e+00,+3.11586e+00,+3.03198e+00,+3.00000e+00
+547,+2.94721e+00,+3.11482e+00,+3.03102e+00,+3.00000e+00
+548,+2.94809e+00,+3.11554e+00,+3.03182e+00,+3.00000e+00
+549,+2.94845e+00,+3.11574e+00,+3.03209e+00,+3.00000e+00
+550,+2.95217e+00,+3.11932e+00,+3.03575e+00,+3.00000e+00
+551,+2.95395e+00,+3.12095e+00,+3.03745e+00,+3.00000e+00
+552,+2.95285e+00,+3.11969e+00,+3.03627e+00,+3.00000e+00
+553,+2.94983e+00,+3.11653e+00,+3.03318e+00,+3.00000e+00
+554,+2.94704e+00,+3.11358e+00,+3.03031e+00,+3.00000e+00
+555,+2.94880e+00,+3.11519e+00,+3.03199e+00,+3.00000e+00
+556,+2.94992e+00,+3.11616e+00,+3.03304e+00,+3.00000e+00
+557,+2.94825e+00,+3.11434e+00,+3.03129e+00,+3.00000e+00
+558,+2.94645e+00,+3.11240e+00,+3.02943e+00,+3.00000e+00
+559,+2.94722e+00,+3.11301e+00,+3.03012e+00,+3.00000e+00
+560,+2.94503e+00,+3.11067e+00,+3.02785e+00,+3.00000e+00
+561,+2.94388e+00,+3.10938e+00,+3.02663e+00,+3.00000e+00
+562,+2.94551e+00,+3.11087e+00,+3.02819e+00,+3.00000e+00
+563,+2.94426e+00,+3.10946e+00,+3.02686e+00,+3.00000e+00
+564,+2.94552e+00,+3.11058e+00,+3.02805e+00,+3.00000e+00
+565,+2.94760e+00,+3.11252e+00,+3.03006e+00,+3.00000e+00
+566,+2.94868e+00,+3.11345e+00,+3.03106e+00,+3.00000e+00
+567,+2.94949e+00,+3.11411e+00,+3.03180e+00,+3.00000e+00
+568,+2.94866e+00,+3.11314e+00,+3.03090e+00,+3.00000e+00
+569,+2.95074e+00,+3.11508e+00,+3.03291e+00,+3.00000e+00
+570,+2.94993e+00,+3.11412e+00,+3.03203e+00,+3.00000e+00
+571,+2.95295e+00,+3.11699e+00,+3.03497e+00,+3.00000e+00
+572,+2.95379e+00,+3.11769e+00,+3.03574e+00,+3.00000e+00
+573,+2.95270e+00,+3.11646e+00,+3.03458e+00,+3.00000e+00
+574,+2.95540e+00,+3.11901e+00,+3.03720e+00,+3.00000e+00
+575,+2.95693e+00,+3.12041e+00,+3.03867e+00,+3.00000e+00
+576,+2.95691e+00,+3.12024e+00,+3.03858e+00,+3.00000e+00
+577,+2.95568e+00,+3.11887e+00,+3.03728e+00,+3.00000e+00
+578,+2.95490e+00,+3.11795e+00,+3.03643e+00,+3.00000e+00
+579,+2.95645e+00,+3.11935e+00,+3.03790e+00,+3.00000e+00
+580,+2.95662e+00,+3.11939e+00,+3.03801e+00,+3.00000e+00
+581,+2.95578e+00,+3.11841e+00,+3.03710e+00,+3.00000e+00
+582,+2.95494e+00,+3.11742e+00,+3.03618e+00,+3.00000e+00
+583,+2.95545e+00,+3.11780e+00,+3.03662e+00,+3.00000e+00
+584,+2.95498e+00,+3.11719e+00,+3.03609e+00,+3.00000e+00
+585,+2.95520e+00,+3.11727e+00,+3.03624e+00,+3.00000e+00
+586,+2.95848e+00,+3.12041e+00,+3.03945e+00,+3.00000e+00
+587,+2.95769e+00,+3.11948e+00,+3.03859e+00,+3.00000e+00
+588,+2.95592e+00,+3.11757e+00,+3.03674e+00,+3.00000e+00
+589,+2.95765e+00,+3.11917e+00,+3.03841e+00,+3.00000e+00
+590,+2.95601e+00,+3.11739e+00,+3.03670e+00,+3.00000e+00
+591,+2.95560e+00,+3.11684e+00,+3.03622e+00,+3.00000e+00
+592,+2.95754e+00,+3.11865e+00,+3.03809e+00,+3.00000e+00
+593,+2.95761e+00,+3.11858e+00,+3.03809e+00,+3.00000e+00
+594,+2.95468e+00,+3.11552e+00,+3.03510e+00,+3.00000e+00
+595,+2.95245e+00,+3.11315e+00,+3.03280e+00,+3.00000e+00
+596,+2.95227e+00,+3.11284e+00,+3.03255e+00,+3.00000e+00
+597,+2.95247e+00,+3.11290e+00,+3.03268e+00,+3.00000e+00
+598,+2.95279e+00,+3.11309e+00,+3.03294e+00,+3.00000e+00
+599,+2.95251e+00,+3.11268e+00,+3.03259e+00,+3.00000e+00
+600,+2.95420e+00,+3.11423e+00,+3.03422e+00,+3.00000e+00
+601,+2.95162e+00,+3.11152e+00,+3.03157e+00,+3.00000e+00
+602,+2.94895e+00,+3.10871e+00,+3.02883e+00,+3.00000e+00
+603,+2.95064e+00,+3.11027e+00,+3.03046e+00,+3.00000e+00
+604,+2.95061e+00,+3.11011e+00,+3.03036e+00,+3.00000e+00
+605,+2.95114e+00,+3.11051e+00,+3.03083e+00,+3.00000e+00
+606,+2.95259e+00,+3.11182e+00,+3.03220e+00,+3.00000e+00
+607,+2.95440e+00,+3.11350e+00,+3.03395e+00,+3.00000e+00
+608,+2.95212e+00,+3.11109e+00,+3.03161e+00,+3.00000e+00
+609,+2.95300e+00,+3.11185e+00,+3.03243e+00,+3.00000e+00
+610,+2.94910e+00,+3.10781e+00,+3.02845e+00,+3.00000e+00
+611,+2.94916e+00,+3.10774e+00,+3.02845e+00,+3.00000e+00
+612,+2.94805e+00,+3.10651e+00,+3.02728e+00,+3.00000e+00
+613,+2.94909e+00,+3.10742e+00,+3.02825e+00,+3.00000e+00
+614,+2.94753e+00,+3.10572e+00,+3.02662e+00,+3.00000e+00
+615,+2.94836e+00,+3.10642e+00,+3.02739e+00,+3.00000e+00
+616,+2.94790e+00,+3.10584e+00,+3.02687e+00,+3.00000e+00
+617,+2.94781e+00,+3.10562e+00,+3.02672e+00,+3.00000e+00
+618,+2.94685e+00,+3.10454e+00,+3.02570e+00,+3.00000e+00
+619,+2.94648e+00,+3.10403e+00,+3.02526e+00,+3.00000e+00
+620,+2.94569e+00,+3.10312e+00,+3.02440e+00,+3.00000e+00
+621,+2.94572e+00,+3.10302e+00,+3.02437e+00,+3.00000e+00
+622,+2.94629e+00,+3.10347e+00,+3.02488e+00,+3.00000e+00
+623,+2.94442e+00,+3.10147e+00,+3.02294e+00,+3.00000e+00
+624,+2.94060e+00,+3.09752e+00,+3.01906e+00,+3.00000e+00
+625,+2.94042e+00,+3.09722e+00,+3.01882e+00,+3.00000e+00
+626,+2.94111e+00,+3.09778e+00,+3.01945e+00,+3.00000e+00
+627,+2.94175e+00,+3.09830e+00,+3.02002e+00,+3.00000e+00
+628,+2.94039e+00,+3.09682e+00,+3.01860e+00,+3.00000e+00
+629,+2.93931e+00,+3.09561e+00,+3.01746e+00,+3.00000e+00
+630,+2.94042e+00,+3.09660e+00,+3.01851e+00,+3.00000e+00
+631,+2.93884e+00,+3.09489e+00,+3.01686e+00,+3.00000e+00
+632,+2.94133e+00,+3.09726e+00,+3.01930e+00,+3.00000e+00
+633,+2.94080e+00,+3.09660e+00,+3.01870e+00,+3.00000e+00
+634,+2.94374e+00,+3.09942e+00,+3.02158e+00,+3.00000e+00
+635,+2.94614e+00,+3.10170e+00,+3.02392e+00,+3.00000e+00
+636,+2.94408e+00,+3.09952e+00,+3.02180e+00,+3.00000e+00
+637,+2.94724e+00,+3.10255e+00,+3.02489e+00,+3.00000e+00
+638,+2.94537e+00,+3.10056e+00,+3.02297e+00,+3.00000e+00
+639,+2.94487e+00,+3.09994e+00,+3.02240e+00,+3.00000e+00
+640,+2.94363e+00,+3.09858e+00,+3.02111e+00,+3.00000e+00
+641,+2.94256e+00,+3.09739e+00,+3.01997e+00,+3.00000e+00
+642,+2.94359e+00,+3.09830e+00,+3.02095e+00,+3.00000e+00
+643,+2.94256e+00,+3.09715e+00,+3.01986e+00,+3.00000e+00
+644,+2.94137e+00,+3.09584e+00,+3.01861e+00,+3.00000e+00
+645,+2.94172e+00,+3.09606e+00,+3.01889e+00,+3.00000e+00
+646,+2.94275e+00,+3.09698e+00,+3.01987e+00,+3.00000e+00
+647,+2.94421e+00,+3.09832e+00,+3.02126e+00,+3.00000e+00
+648,+2.94215e+00,+3.09614e+00,+3.01914e+00,+3.00000e+00
+649,+2.94143e+00,+3.09530e+00,+3.01836e+00,+3.00000e+00
+650,+2.94129e+00,+3.09505e+00,+3.01817e+00,+3.00000e+00
+651,+2.93933e+00,+3.09296e+00,+3.01615e+00,+3.00000e+00
+652,+2.94096e+00,+3.09448e+00,+3.01772e+00,+3.00000e+00
+653,+2.93997e+00,+3.09337e+00,+3.01667e+00,+3.00000e+00
+654,+2.93821e+00,+3.09149e+00,+3.01485e+00,+3.00000e+00
+655,+2.93940e+00,+3.09257e+00,+3.01598e+00,+3.00000e+00
+656,+2.93984e+00,+3.09289e+00,+3.01636e+00,+3.00000e+00
+657,+2.93994e+00,+3.09288e+00,+3.01641e+00,+3.00000e+00
+658,+2.93955e+00,+3.09236e+00,+3.01596e+00,+3.00000e+00
+659,+2.93958e+00,+3.09228e+00,+3.01593e+00,+3.00000e+00
+660,+2.93797e+00,+3.09055e+00,+3.01426e+00,+3.00000e+00
+661,+2.93688e+00,+3.08935e+00,+3.01311e+00,+3.00000e+00
+662,+2.93620e+00,+3.08855e+00,+3.01237e+00,+3.00000e+00
+663,+2.93526e+00,+3.08749e+00,+3.01137e+00,+3.00000e+00
+664,+2.93576e+00,+3.08789e+00,+3.01183e+00,+3.00000e+00
+665,+2.93614e+00,+3.08814e+00,+3.01214e+00,+3.00000e+00
+666,+2.93643e+00,+3.08832e+00,+3.01238e+00,+3.00000e+00
+667,+2.93928e+00,+3.09106e+00,+3.01517e+00,+3.00000e+00
+668,+2.93900e+00,+3.09067e+00,+3.01484e+00,+3.00000e+00
+669,+2.93846e+00,+3.09001e+00,+3.01423e+00,+3.00000e+00
+670,+2.93818e+00,+3.08962e+00,+3.01390e+00,+3.00000e+00
+671,+2.93901e+00,+3.09033e+00,+3.01467e+00,+3.00000e+00
+672,+2.93821e+00,+3.08943e+00,+3.01382e+00,+3.00000e+00
+673,+2.93868e+00,+3.08978e+00,+3.01423e+00,+3.00000e+00
+674,+2.93904e+00,+3.09003e+00,+3.01454e+00,+3.00000e+00
+675,+2.93853e+00,+3.08941e+00,+3.01397e+00,+3.00000e+00
+676,+2.93541e+00,+3.08617e+00,+3.01079e+00,+3.00000e+00
+677,+2.93694e+00,+3.08759e+00,+3.01227e+00,+3.00000e+00
+678,+2.93814e+00,+3.08868e+00,+3.01341e+00,+3.00000e+00
+679,+2.93808e+00,+3.08851e+00,+3.01329e+00,+3.00000e+00
+680,+2.93679e+00,+3.08711e+00,+3.01195e+00,+3.00000e+00
+681,+2.93611e+00,+3.08632e+00,+3.01121e+00,+3.00000e+00
+682,+2.93776e+00,+3.08786e+00,+3.01281e+00,+3.00000e+00
+683,+2.93776e+00,+3.08776e+00,+3.01276e+00,+3.00000e+00
+684,+2.93484e+00,+3.08473e+00,+3.00979e+00,+3.00000e+00
+685,+2.93411e+00,+3.08388e+00,+3.00899e+00,+3.00000e+00
+686,+2.93266e+00,+3.08232e+00,+3.00749e+00,+3.00000e+00
+687,+2.93073e+00,+3.08029e+00,+3.00551e+00,+3.00000e+00
+688,+2.93029e+00,+3.07973e+00,+3.00501e+00,+3.00000e+00
+689,+2.93196e+00,+3.08130e+00,+3.00663e+00,+3.00000e+00
+690,+2.93179e+00,+3.08102e+00,+3.00640e+00,+3.00000e+00
+691,+2.93042e+00,+3.07954e+00,+3.00498e+00,+3.00000e+00
+692,+2.92761e+00,+3.07662e+00,+3.00212e+00,+3.00000e+00
+693,+2.92764e+00,+3.07655e+00,+3.00209e+00,+3.00000e+00
+694,+2.92872e+00,+3.07752e+00,+3.00312e+00,+3.00000e+00
+695,+2.93102e+00,+3.07972e+00,+3.00537e+00,+3.00000e+00
+696,+2.93212e+00,+3.08070e+00,+3.00641e+00,+3.00000e+00
+697,+2.93008e+00,+3.07855e+00,+3.00432e+00,+3.00000e+00
+698,+2.93387e+00,+3.08224e+00,+3.00805e+00,+3.00000e+00
+699,+2.93348e+00,+3.08174e+00,+3.00761e+00,+3.00000e+00
+700,+2.93243e+00,+3.08058e+00,+3.00651e+00,+3.00000e+00
+701,+2.93204e+00,+3.08010e+00,+3.00607e+00,+3.00000e+00
+702,+2.93024e+00,+3.07818e+00,+3.00421e+00,+3.00000e+00
+703,+2.93132e+00,+3.07916e+00,+3.00524e+00,+3.00000e+00
+704,+2.93080e+00,+3.07853e+00,+3.00467e+00,+3.00000e+00
+705,+2.92949e+00,+3.07712e+00,+3.00331e+00,+3.00000e+00
+706,+2.93095e+00,+3.07848e+00,+3.00471e+00,+3.00000e+00
+707,+2.93214e+00,+3.07957e+00,+3.00586e+00,+3.00000e+00
+708,+2.93213e+00,+3.07945e+00,+3.00579e+00,+3.00000e+00
+709,+2.93233e+00,+3.07955e+00,+3.00594e+00,+3.00000e+00
+710,+2.93291e+00,+3.08002e+00,+3.00647e+00,+3.00000e+00
+711,+2.93366e+00,+3.08067e+00,+3.00716e+00,+3.00000e+00
+712,+2.93365e+00,+3.08056e+00,+3.00711e+00,+3.00000e+00
+713,+2.93426e+00,+3.08106e+00,+3.00766e+00,+3.00000e+00
+714,+2.93392e+00,+3.08062e+00,+3.00727e+00,+3.00000e+00
+715,+2.93219e+00,+3.07879e+00,+3.00549e+00,+3.00000e+00
+716,+2.93192e+00,+3.07842e+00,+3.00517e+00,+3.00000e+00
+717,+2.93337e+00,+3.07976e+00,+3.00656e+00,+3.00000e+00
+718,+2.93474e+00,+3.08103e+00,+3.00788e+00,+3.00000e+00
+719,+2.93352e+00,+3.07971e+00,+3.00661e+00,+3.00000e+00
+720,+2.93599e+00,+3.08208e+00,+3.00904e+00,+3.00000e+00
+721,+2.93767e+00,+3.08365e+00,+3.01066e+00,+3.00000e+00
+722,+2.93727e+00,+3.08316e+00,+3.01021e+00,+3.00000e+00
+723,+2.93471e+00,+3.08050e+00,+3.00761e+00,+3.00000e+00
+724,+2.93531e+00,+3.08100e+00,+3.00815e+00,+3.00000e+00
+725,+2.93667e+00,+3.08226e+00,+3.00947e+00,+3.00000e+00
+726,+2.93770e+00,+3.08318e+00,+3.01044e+00,+3.00000e+00
+727,+2.93803e+00,+3.08342e+00,+3.01073e+00,+3.00000e+00
+728,+2.93763e+00,+3.08291e+00,+3.01027e+00,+3.00000e+00
+729,+2.93518e+00,+3.08036e+00,+3.00777e+00,+3.00000e+00
+730,+2.93531e+00,+3.08039e+00,+3.00785e+00,+3.00000e+00
+731,+2.93583e+00,+3.08081e+00,+3.00832e+00,+3.00000e+00
+732,+2.93807e+00,+3.08295e+00,+3.01051e+00,+3.00000e+00
+733,+2.93924e+00,+3.08403e+00,+3.01163e+00,+3.00000e+00
+734,+2.93957e+00,+3.08426e+00,+3.01191e+00,+3.00000e+00
+735,+2.93998e+00,+3.08457e+00,+3.01227e+00,+3.00000e+00
+736,+2.93762e+00,+3.08211e+00,+3.00986e+00,+3.00000e+00
+737,+2.93944e+00,+3.08383e+00,+3.01163e+00,+3.00000e+00
+738,+2.94048e+00,+3.08477e+00,+3.01263e+00,+3.00000e+00
+739,+2.94167e+00,+3.08587e+00,+3.01377e+00,+3.00000e+00
+740,+2.94180e+00,+3.08590e+00,+3.01385e+00,+3.00000e+00
+741,+2.94415e+00,+3.08815e+00,+3.01615e+00,+3.00000e+00
+742,+2.94180e+00,+3.08570e+00,+3.01375e+00,+3.00000e+00
+743,+2.94223e+00,+3.08604e+00,+3.01414e+00,+3.00000e+00
+744,+2.94085e+00,+3.08457e+00,+3.01271e+00,+3.00000e+00
+745,+2.94415e+00,+3.08776e+00,+3.01595e+00,+3.00000e+00
+746,+2.94756e+00,+3.09108e+00,+3.01932e+00,+3.00000e+00
+747,+2.94800e+00,+3.09143e+00,+3.01971e+00,+3.00000e+00
+748,+2.94934e+00,+3.09267e+00,+3.02101e+00,+3.00000e+00
+749,+2.95274e+00,+3.09598e+00,+3.02436e+00,+3.00000e+00
+750,+2.95167e+00,+3.09480e+00,+3.02323e+00,+3.00000e+00
+751,+2.95219e+00,+3.09523e+00,+3.02371e+00,+3.00000e+00
+752,+2.95219e+00,+3.09513e+00,+3.02366e+00,+3.00000e+00
+753,+2.95245e+00,+3.09530e+00,+3.02388e+00,+3.00000e+00
+754,+2.95088e+00,+3.09364e+00,+3.02226e+00,+3.00000e+00
+755,+2.94960e+00,+3.09226e+00,+3.02093e+00,+3.00000e+00
+756,+2.95057e+00,+3.09314e+00,+3.02186e+00,+3.00000e+00
+757,+2.95266e+00,+3.09513e+00,+3.02390e+00,+3.00000e+00
+758,+2.95398e+00,+3.09636e+00,+3.02517e+00,+3.00000e+00
+759,+2.95193e+00,+3.09421e+00,+3.02307e+00,+3.00000e+00
+760,+2.95175e+00,+3.09394e+00,+3.02285e+00,+3.00000e+00
+761,+2.95387e+00,+3.09596e+00,+3.02491e+00,+3.00000e+00
+762,+2.95487e+00,+3.09687e+00,+3.02587e+00,+3.00000e+00
+763,+2.95464e+00,+3.09655e+00,+3.02560e+00,+3.00000e+00
+764,+2.95323e+00,+3.09505e+00,+3.02414e+00,+3.00000e+00
+765,+2.95335e+00,+3.09508e+00,+3.02422e+00,+3.00000e+00
+766,+2.95356e+00,+3.09520e+00,+3.02438e+00,+3.00000e+00
+767,+2.95443e+00,+3.09597e+00,+3.02520e+00,+3.00000e+00
+768,+2.95335e+00,+3.09480e+00,+3.02407e+00,+3.00000e+00
+769,+2.95207e+00,+3.09343e+00,+3.02275e+00,+3.00000e+00
+770,+2.95329e+00,+3.09456e+00,+3.02392e+00,+3.00000e+00
+771,+2.95500e+00,+3.09618e+00,+3.02559e+00,+3.00000e+00
+772,+2.95396e+00,+3.09504e+00,+3.02450e+00,+3.00000e+00
+773,+2.95500e+00,+3.09599e+00,+3.02550e+00,+3.00000e+00
+774,+2.95483e+00,+3.09572e+00,+3.02527e+00,+3.00000e+00
+775,+2.95309e+00,+3.09390e+00,+3.02349e+00,+3.00000e+00
+776,+2.95445e+00,+3.09517e+00,+3.02481e+00,+3.00000e+00
+777,+2.95404e+00,+3.09467e+00,+3.02436e+00,+3.00000e+00
+778,+2.95443e+00,+3.09497e+00,+3.02470e+00,+3.00000e+00
+779,+2.95424e+00,+3.09469e+00,+3.02447e+00,+3.00000e+00
+780,+2.95388e+00,+3.09423e+00,+3.02406e+00,+3.00000e+00
+781,+2.95227e+00,+3.09254e+00,+3.02240e+00,+3.00000e+00
+782,+2.95392e+00,+3.09410e+00,+3.02401e+00,+3.00000e+00
+783,+2.95565e+00,+3.09574e+00,+3.02570e+00,+3.00000e+00
+784,+2.95674e+00,+3.09674e+00,+3.02674e+00,+3.00000e+00
+785,+2.95910e+00,+3.09901e+00,+3.02906e+00,+3.00000e+00
+786,+2.95892e+00,+3.09874e+00,+3.02883e+00,+3.00000e+00
+787,+2.95989e+00,+3.09962e+00,+3.02976e+00,+3.00000e+00
+788,+2.95845e+00,+3.09809e+00,+3.02827e+00,+3.00000e+00
+789,+2.95859e+00,+3.09814e+00,+3.02836e+00,+3.00000e+00
+790,+2.96075e+00,+3.10021e+00,+3.03048e+00,+3.00000e+00
+791,+2.96197e+00,+3.10135e+00,+3.03166e+00,+3.00000e+00
+792,+2.96254e+00,+3.10183e+00,+3.03218e+00,+3.00000e+00
+793,+2.96325e+00,+3.10245e+00,+3.03285e+00,+3.00000e+00
+794,+2.96142e+00,+3.10053e+00,+3.03097e+00,+3.00000e+00
+795,+2.96290e+00,+3.10193e+00,+3.03242e+00,+3.00000e+00
+796,+2.96020e+00,+3.09914e+00,+3.02967e+00,+3.00000e+00
+797,+2.96058e+00,+3.09943e+00,+3.03001e+00,+3.00000e+00
+798,+2.96054e+00,+3.09930e+00,+3.02992e+00,+3.00000e+00
+799,+2.96075e+00,+3.09943e+00,+3.03009e+00,+3.00000e+00
+800,+2.96000e+00,+3.09859e+00,+3.02930e+00,+3.00000e+00
+801,+2.95703e+00,+3.09553e+00,+3.02628e+00,+3.00000e+00
+802,+2.95712e+00,+3.09554e+00,+3.02633e+00,+3.00000e+00
+803,+2.95732e+00,+3.09565e+00,+3.02649e+00,+3.00000e+00
+804,+2.95934e+00,+3.09759e+00,+3.02846e+00,+3.00000e+00
+805,+2.96035e+00,+3.09851e+00,+3.02943e+00,+3.00000e+00
+806,+2.95927e+00,+3.09735e+00,+3.02831e+00,+3.00000e+00
+807,+2.95996e+00,+3.09795e+00,+3.02896e+00,+3.00000e+00
+808,+2.95746e+00,+3.09536e+00,+3.02641e+00,+3.00000e+00
+809,+2.95598e+00,+3.09379e+00,+3.02489e+00,+3.00000e+00
+810,+2.95604e+00,+3.09377e+00,+3.02491e+00,+3.00000e+00
+811,+2.95709e+00,+3.09474e+00,+3.02592e+00,+3.00000e+00
+812,+2.95911e+00,+3.09667e+00,+3.02789e+00,+3.00000e+00
+813,+2.96239e+00,+3.09987e+00,+3.03113e+00,+3.00000e+00
+814,+2.96208e+00,+3.09947e+00,+3.03077e+00,+3.00000e+00
+815,+2.96134e+00,+3.09865e+00,+3.03000e+00,+3.00000e+00
+816,+2.96248e+00,+3.09970e+00,+3.03109e+00,+3.00000e+00
+817,+2.96271e+00,+3.09985e+00,+3.03128e+00,+3.00000e+00
+818,+2.96490e+00,+3.10196e+00,+3.03343e+00,+3.00000e+00
+819,+2.96297e+00,+3.09995e+00,+3.03146e+00,+3.00000e+00
+820,+2.96309e+00,+3.09998e+00,+3.03153e+00,+3.00000e+00
+821,+2.96306e+00,+3.09986e+00,+3.03146e+00,+3.00000e+00
+822,+2.96174e+00,+3.09846e+00,+3.03010e+00,+3.00000e+00
+823,+2.96023e+00,+3.09687e+00,+3.02855e+00,+3.00000e+00
+824,+2.96042e+00,+3.09698e+00,+3.02870e+00,+3.00000e+00
+825,+2.96147e+00,+3.09794e+00,+3.02970e+00,+3.00000e+00
+826,+2.96104e+00,+3.09744e+00,+3.02924e+00,+3.00000e+00
+827,+2.95921e+00,+3.09552e+00,+3.02736e+00,+3.00000e+00
+828,+2.95760e+00,+3.09382e+00,+3.02571e+00,+3.00000e+00
+829,+2.95917e+00,+3.09532e+00,+3.02725e+00,+3.00000e+00
+830,+2.95855e+00,+3.09462e+00,+3.02658e+00,+3.00000e+00
+831,+2.95992e+00,+3.09590e+00,+3.02791e+00,+3.00000e+00
+832,+2.96083e+00,+3.09673e+00,+3.02878e+00,+3.00000e+00
+833,+2.96266e+00,+3.09848e+00,+3.03057e+00,+3.00000e+00
+834,+2.96480e+00,+3.10053e+00,+3.03266e+00,+3.00000e+00
+835,+2.96499e+00,+3.10065e+00,+3.03282e+00,+3.00000e+00
+836,+2.96593e+00,+3.10150e+00,+3.03371e+00,+3.00000e+00
+837,+2.96358e+00,+3.09907e+00,+3.03133e+00,+3.00000e+00
+838,+2.96297e+00,+3.09838e+00,+3.03068e+00,+3.00000e+00
+839,+2.96320e+00,+3.09853e+00,+3.03087e+00,+3.00000e+00
+840,+2.96315e+00,+3.09840e+00,+3.03078e+00,+3.00000e+00
+841,+2.96302e+00,+3.09819e+00,+3.03061e+00,+3.00000e+00
+842,+2.96147e+00,+3.09656e+00,+3.02902e+00,+3.00000e+00
+843,+2.96094e+00,+3.09595e+00,+3.02844e+00,+3.00000e+00
+844,+2.96292e+00,+3.09785e+00,+3.03039e+00,+3.00000e+00
+845,+2.96322e+00,+3.09807e+00,+3.03064e+00,+3.00000e+00
+846,+2.96255e+00,+3.09732e+00,+3.02994e+00,+3.00000e+00
+847,+2.96033e+00,+3.09502e+00,+3.02768e+00,+3.00000e+00
+848,+2.95836e+00,+3.09297e+00,+3.02567e+00,+3.00000e+00
+849,+2.95810e+00,+3.09263e+00,+3.02537e+00,+3.00000e+00
+850,+2.95856e+00,+3.09301e+00,+3.02578e+00,+3.00000e+00
+851,+2.95934e+00,+3.09371e+00,+3.02652e+00,+3.00000e+00
+852,+2.96061e+00,+3.09490e+00,+3.02776e+00,+3.00000e+00
+853,+2.95872e+00,+3.09293e+00,+3.02582e+00,+3.00000e+00
+854,+2.95899e+00,+3.09312e+00,+3.02606e+00,+3.00000e+00
+855,+2.95932e+00,+3.09338e+00,+3.02635e+00,+3.00000e+00
+856,+2.96057e+00,+3.09455e+00,+3.02756e+00,+3.00000e+00
+857,+2.95975e+00,+3.09365e+00,+3.02670e+00,+3.00000e+00
+858,+2.95850e+00,+3.09232e+00,+3.02541e+00,+3.00000e+00
+859,+2.95899e+00,+3.09273e+00,+3.02586e+00,+3.00000e+00
+860,+2.95980e+00,+3.09347e+00,+3.02663e+00,+3.00000e+00
+861,+2.96185e+00,+3.09544e+00,+3.02864e+00,+3.00000e+00
+862,+2.96374e+00,+3.09726e+00,+3.03050e+00,+3.00000e+00
+863,+2.96352e+00,+3.09695e+00,+3.03024e+00,+3.00000e+00
+864,+2.96467e+00,+3.09803e+00,+3.03135e+00,+3.00000e+00
+865,+2.96544e+00,+3.09872e+00,+3.03208e+00,+3.00000e+00
+866,+2.96664e+00,+3.09984e+00,+3.03324e+00,+3.00000e+00
+867,+2.96875e+00,+3.10188e+00,+3.03531e+00,+3.00000e+00
+868,+2.97021e+00,+3.10326e+00,+3.03673e+00,+3.00000e+00
+869,+2.97070e+00,+3.10367e+00,+3.03719e+00,+3.00000e+00
+870,+2.96957e+00,+3.10247e+00,+3.03602e+00,+3.00000e+00
+871,+2.96909e+00,+3.10191e+00,+3.03550e+00,+3.00000e+00
+872,+2.96931e+00,+3.10205e+00,+3.03568e+00,+3.00000e+00
+873,+2.97073e+00,+3.10340e+00,+3.03707e+00,+3.00000e+00
+874,+2.97110e+00,+3.10369e+00,+3.03739e+00,+3.00000e+00
+875,+2.97331e+00,+3.10583e+00,+3.03957e+00,+3.00000e+00
+876,+2.97113e+00,+3.10357e+00,+3.03735e+00,+3.00000e+00
+877,+2.97119e+00,+3.10356e+00,+3.03737e+00,+3.00000e+00
+878,+2.97163e+00,+3.10392e+00,+3.03777e+00,+3.00000e+00
+879,+2.97146e+00,+3.10368e+00,+3.03757e+00,+3.00000e+00
+880,+2.97112e+00,+3.10326e+00,+3.03719e+00,+3.00000e+00
+881,+2.97239e+00,+3.10445e+00,+3.03842e+00,+3.00000e+00
+882,+2.97119e+00,+3.10318e+00,+3.03718e+00,+3.00000e+00
+883,+2.97213e+00,+3.10405e+00,+3.03809e+00,+3.00000e+00
+884,+2.97115e+00,+3.10299e+00,+3.03707e+00,+3.00000e+00
+885,+2.97086e+00,+3.10263e+00,+3.03674e+00,+3.00000e+00
+886,+2.97069e+00,+3.10238e+00,+3.03654e+00,+3.00000e+00
+887,+2.96996e+00,+3.10158e+00,+3.03577e+00,+3.00000e+00
+888,+2.96712e+00,+3.09866e+00,+3.03289e+00,+3.00000e+00
+889,+2.96796e+00,+3.09943e+00,+3.03370e+00,+3.00000e+00
+890,+2.96950e+00,+3.10090e+00,+3.03520e+00,+3.00000e+00
+891,+2.96980e+00,+3.10113e+00,+3.03547e+00,+3.00000e+00
+892,+2.96946e+00,+3.10071e+00,+3.03508e+00,+3.00000e+00
+893,+2.96937e+00,+3.10055e+00,+3.03496e+00,+3.00000e+00
+894,+2.96563e+00,+3.09673e+00,+3.03118e+00,+3.00000e+00
+895,+2.96716e+00,+3.09819e+00,+3.03267e+00,+3.00000e+00
+896,+2.96818e+00,+3.09913e+00,+3.03366e+00,+3.00000e+00
+897,+2.96691e+00,+3.09779e+00,+3.03235e+00,+3.00000e+00
+898,+2.96602e+00,+3.09683e+00,+3.03142e+00,+3.00000e+00
+899,+2.96737e+00,+3.09810e+00,+3.03273e+00,+3.00000e+00
+900,+2.96735e+00,+3.09801e+00,+3.03268e+00,+3.00000e+00
+901,+2.96667e+00,+3.09726e+00,+3.03197e+00,+3.00000e+00
+902,+2.96784e+00,+3.09836e+00,+3.03310e+00,+3.00000e+00
+903,+2.96755e+00,+3.09800e+00,+3.03278e+00,+3.00000e+00
+904,+2.96616e+00,+3.09654e+00,+3.03135e+00,+3.00000e+00
+905,+2.96415e+00,+3.09446e+00,+3.02930e+00,+3.00000e+00
+906,+2.96476e+00,+3.09499e+00,+3.02988e+00,+3.00000e+00
+907,+2.96546e+00,+3.09562e+00,+3.03054e+00,+3.00000e+00
+908,+2.96525e+00,+3.09534e+00,+3.03029e+00,+3.00000e+00
+909,+2.96563e+00,+3.09565e+00,+3.03064e+00,+3.00000e+00
+910,+2.96620e+00,+3.09614e+00,+3.03117e+00,+3.00000e+00
+911,+2.96634e+00,+3.09622e+00,+3.03128e+00,+3.00000e+00
+912,+2.96487e+00,+3.09467e+00,+3.02977e+00,+3.00000e+00
+913,+2.96353e+00,+3.09326e+00,+3.02839e+00,+3.00000e+00
+914,+2.96460e+00,+3.09426e+00,+3.02943e+00,+3.00000e+00
+915,+2.96558e+00,+3.09516e+00,+3.03037e+00,+3.00000e+00
+916,+2.96435e+00,+3.09387e+00,+3.02911e+00,+3.00000e+00
+917,+2.96485e+00,+3.09430e+00,+3.02957e+00,+3.00000e+00
+918,+2.96433e+00,+3.09370e+00,+3.02901e+00,+3.00000e+00
+919,+2.96273e+00,+3.09204e+00,+3.02739e+00,+3.00000e+00
+920,+2.96387e+00,+3.09310e+00,+3.02849e+00,+3.00000e+00
+921,+2.96355e+00,+3.09271e+00,+3.02813e+00,+3.00000e+00
+922,+2.96378e+00,+3.09287e+00,+3.02833e+00,+3.00000e+00
+923,+2.96447e+00,+3.09349e+00,+3.02898e+00,+3.00000e+00
+924,+2.96549e+00,+3.09444e+00,+3.02997e+00,+3.00000e+00
+925,+2.96598e+00,+3.09487e+00,+3.03043e+00,+3.00000e+00
+926,+2.96793e+00,+3.09674e+00,+3.03234e+00,+3.00000e+00
+927,+2.96711e+00,+3.09586e+00,+3.03149e+00,+3.00000e+00
+928,+2.96616e+00,+3.09483e+00,+3.03050e+00,+3.00000e+00
+929,+2.96760e+00,+3.09621e+00,+3.03191e+00,+3.00000e+00
+930,+2.96765e+00,+3.09619e+00,+3.03192e+00,+3.00000e+00
+931,+2.96624e+00,+3.09471e+00,+3.03048e+00,+3.00000e+00
+932,+2.96646e+00,+3.09487e+00,+3.03066e+00,+3.00000e+00
+933,+2.96774e+00,+3.09607e+00,+3.03191e+00,+3.00000e+00
+934,+2.96989e+00,+3.09815e+00,+3.03402e+00,+3.00000e+00
+935,+2.96818e+00,+3.09637e+00,+3.03228e+00,+3.00000e+00
+936,+2.96709e+00,+3.09521e+00,+3.03115e+00,+3.00000e+00
+937,+2.96658e+00,+3.09464e+00,+3.03061e+00,+3.00000e+00
+938,+2.96632e+00,+3.09431e+00,+3.03031e+00,+3.00000e+00
+939,+2.96532e+00,+3.09324e+00,+3.02928e+00,+3.00000e+00
+940,+2.96455e+00,+3.09240e+00,+3.02848e+00,+3.00000e+00
+941,+2.96595e+00,+3.09374e+00,+3.02984e+00,+3.00000e+00
+942,+2.96403e+00,+3.09174e+00,+3.02789e+00,+3.00000e+00
+943,+2.96404e+00,+3.09169e+00,+3.02786e+00,+3.00000e+00
+944,+2.96231e+00,+3.08989e+00,+3.02610e+00,+3.00000e+00
+945,+2.96207e+00,+3.08958e+00,+3.02582e+00,+3.00000e+00
+946,+2.96028e+00,+3.08773e+00,+3.02400e+00,+3.00000e+00
+947,+2.96103e+00,+3.08841e+00,+3.02472e+00,+3.00000e+00
+948,+2.96151e+00,+3.08883e+00,+3.02517e+00,+3.00000e+00
+949,+2.96145e+00,+3.08870e+00,+3.02507e+00,+3.00000e+00
+950,+2.96207e+00,+3.08925e+00,+3.02566e+00,+3.00000e+00
+951,+2.96106e+00,+3.08817e+00,+3.02462e+00,+3.00000e+00
+952,+2.96032e+00,+3.08736e+00,+3.02384e+00,+3.00000e+00
+953,+2.96173e+00,+3.08871e+00,+3.02522e+00,+3.00000e+00
+954,+2.96165e+00,+3.08856e+00,+3.02510e+00,+3.00000e+00
+955,+2.96145e+00,+3.08830e+00,+3.02488e+00,+3.00000e+00
+956,+2.95993e+00,+3.08671e+00,+3.02332e+00,+3.00000e+00
+957,+2.95918e+00,+3.08589e+00,+3.02253e+00,+3.00000e+00
+958,+2.95851e+00,+3.08516e+00,+3.02183e+00,+3.00000e+00
+959,+2.95927e+00,+3.08585e+00,+3.02256e+00,+3.00000e+00
+960,+2.96091e+00,+3.08743e+00,+3.02417e+00,+3.00000e+00
+961,+2.95996e+00,+3.08641e+00,+3.02318e+00,+3.00000e+00
+962,+2.96031e+00,+3.08670e+00,+3.02351e+00,+3.00000e+00
+963,+2.96015e+00,+3.08647e+00,+3.02331e+00,+3.00000e+00
+964,+2.96114e+00,+3.08740e+00,+3.02427e+00,+3.00000e+00
+965,+2.96113e+00,+3.08732e+00,+3.02422e+00,+3.00000e+00
+966,+2.96052e+00,+3.08664e+00,+3.02358e+00,+3.00000e+00
+967,+2.96099e+00,+3.08704e+00,+3.02402e+00,+3.00000e+00
+968,+2.95932e+00,+3.08531e+00,+3.02231e+00,+3.00000e+00
+969,+2.96014e+00,+3.08607e+00,+3.02311e+00,+3.00000e+00
+970,+2.96080e+00,+3.08667e+00,+3.02374e+00,+3.00000e+00
+971,+2.96171e+00,+3.08751e+00,+3.02461e+00,+3.00000e+00
+972,+2.96362e+00,+3.08935e+00,+3.02648e+00,+3.00000e+00
+973,+2.96294e+00,+3.08861e+00,+3.02578e+00,+3.00000e+00
+974,+2.96339e+00,+3.08899e+00,+3.02619e+00,+3.00000e+00
+975,+2.96432e+00,+3.08986e+00,+3.02709e+00,+3.00000e+00
+976,+2.96365e+00,+3.08912e+00,+3.02638e+00,+3.00000e+00
+977,+2.96269e+00,+3.08810e+00,+3.02539e+00,+3.00000e+00
+978,+2.96406e+00,+3.08940e+00,+3.02673e+00,+3.00000e+00
+979,+2.96461e+00,+3.08989e+00,+3.02725e+00,+3.00000e+00
+980,+2.96523e+00,+3.09044e+00,+3.02784e+00,+3.00000e+00
+981,+2.96478e+00,+3.08993e+00,+3.02735e+00,+3.00000e+00
+982,+2.96657e+00,+3.09166e+00,+3.02912e+00,+3.00000e+00
+983,+2.96693e+00,+3.09196e+00,+3.02944e+00,+3.00000e+00
+984,+2.96693e+00,+3.09189e+00,+3.02941e+00,+3.00000e+00
+985,+2.96582e+00,+3.09072e+00,+3.02827e+00,+3.00000e+00
+986,+2.96462e+00,+3.08946e+00,+3.02704e+00,+3.00000e+00
+987,+2.96457e+00,+3.08934e+00,+3.02695e+00,+3.00000e+00
+988,+2.96441e+00,+3.08912e+00,+3.02677e+00,+3.00000e+00
+989,+2.96493e+00,+3.08958e+00,+3.02725e+00,+3.00000e+00
+990,+2.96474e+00,+3.08932e+00,+3.02703e+00,+3.00000e+00
+991,+2.96489e+00,+3.08941e+00,+3.02715e+00,+3.00000e+00
+992,+2.96531e+00,+3.08976e+00,+3.02753e+00,+3.00000e+00
+993,+2.96624e+00,+3.09063e+00,+3.02843e+00,+3.00000e+00
+994,+2.96618e+00,+3.09051e+00,+3.02834e+00,+3.00000e+00
+995,+2.96700e+00,+3.09127e+00,+3.02913e+00,+3.00000e+00
+996,+2.96769e+00,+3.09190e+00,+3.02980e+00,+3.00000e+00
+997,+2.96794e+00,+3.09209e+00,+3.03002e+00,+3.00000e+00
+998,+2.96916e+00,+3.09325e+00,+3.03121e+00,+3.00000e+00
+999,+2.96867e+00,+3.09269e+00,+3.03068e+00,+3.00000e+00
+1000,+2.96699e+00,+3.09095e+00,+3.02897e+00,+3.00000e+00
